instr_mse,instr_rmse,instr_mae,instr_r2,instr_corr,instr_mean_error,instr_mean_abs_error,instr_mean_rel_error,bb_mse,bb_rmse,bb_mae,bb_r2,bb_corr,bb_mean_error,bb_mean_abs_error,bb_mean_rel_error
31.943744659423828,5.651879745661954,1.1881452798843384,0.4798203706741333,0.6977244351980019,-0.044343024,1.1881453,0.56980276,27.55727767944336,5.249502612576106,1.0945152044296265,0.8873447179794312,0.9506206527881341,-0.02047249,1.0945152,0.13531056
