instr_mse,instr_rmse,instr_mae,instr_r2,instr_corr,instr_mean_error,instr_mean_abs_error,instr_mean_rel_error,bb_mse,bb_rmse,bb_mae,bb_r2,bb_corr,bb_mean_error,bb_mean_abs_error,bb_mean_rel_error
34.81428146362305,5.900362824744174,1.2222707271575928,0.4330759048461914,0.6620064003811835,-0.38960972,1.2222707,0.44191897,53.66757583618164,7.32581571131718,1.412801742553711,0.7794520854949951,0.8839521906947236,-0.6000436,1.4128017,0.13901843
